date,vix
2016-02-11,25.969999313354492
2016-02-12,24.670000076293945
2016-02-15,22.3799991607666
2016-02-16,23.040000915527344
2016-02-17,21.829999923706055
2016-02-18,21.489999771118164
2016-02-19,20.920000076293945
2016-02-22,21.020000457763672
2016-02-23,23.84000015258789
2016-02-24,22.959999084472656
2016-02-25,22.75
2016-02-26,21.8700008392334
2016-02-29,20.15999984741211
2016-03-01,18.670000076293945
2016-03-02,18.989999771118164
2016-03-03,18.040000915527344
2016-03-04,17.8799991607666
2016-03-08,18.469999313354492
2016-03-09,17.510000228881836
2016-03-10,17.899999618530273
2016-03-11,17.100000381469727
2016-03-14,17.100000381469727
2016-03-15,17.600000381469727
2016-03-16,17.110000610351562
2016-03-17,16.84000015258789
2016-03-18,16.3799991607666
2016-03-21,16.329999923706055
2016-03-22,16.43000030517578
2016-03-23,16.350000381469727
2016-03-28,17.489999771118164
2016-03-29,17.639999389648438
2016-03-30,16.809999465942383
2016-03-31,16.579999923706055
2016-04-01,17.280000686645508
2016-04-04,17.450000762939453
2016-04-05,17.829999923706055
2016-04-06,17.350000381469727
2016-04-07,16.93000030517578
2016-04-08,16.43000030517578
2016-04-11,16.010000228881836
2016-04-12,16.020000457763672
2016-04-13,16.040000915527344
2016-04-18,16.950000762939453
2016-04-20,17.079999923706055
2016-04-21,16.510000228881836
2016-04-22,16.3799991607666
2016-04-25,16.56999969482422
2016-04-26,16.579999923706055
2016-04-27,16.350000381469727
2016-04-28,16.600000381469727
2016-04-29,16.540000915527344
2016-05-02,17.09000015258789
2016-05-03,17.459999084472656
2016-05-04,17.450000762939453
2016-05-05,17.170000076293945
2016-05-06,16.950000762939453
2016-05-09,16.610000610351562
2016-05-10,16.420000076293945
2016-05-11,16.959999084472656
2016-05-12,16.329999923706055
2016-05-13,17.0
2016-05-16,17.030000686645508
2016-05-17,16.3700008392334
2016-05-18,16.450000762939453
2016-05-19,17.059999465942383
2016-05-20,16.43000030517578
2016-05-23,16.15999984741211
2016-05-24,16.219999313354492
2016-05-25,15.520000457763672
2016-05-26,15.329999923706055
2016-05-27,15.260000228881836
2016-05-30,15.979999542236328
2016-05-31,16.049999237060547
2016-06-01,15.84000015258789
2016-06-02,15.09000015258789
2016-06-03,15.0
2016-06-06,15.359999656677246
2016-06-07,14.869999885559082
2016-06-08,15.140000343322754
2016-06-09,15.670000076293945
2016-06-10,15.970000267028809
2016-06-13,16.579999923706055
2016-06-14,17.190000534057617
2016-06-15,17.059999465942383
2016-06-16,17.700000762939453
2016-06-17,17.350000381469727
2016-06-20,17.520000457763672
2016-06-21,17.260000228881836
2016-06-22,18.18000030517578
2016-06-23,18.020000457763672
2016-06-24,18.6299991607666
2016-06-27,18.530000686645508
2016-06-28,17.729999542236328
2016-06-29,16.15999984741211
2016-06-30,16.290000915527344
2016-07-01,15.739999771118164
2016-07-04,15.579999923706055
2016-07-05,15.359999656677246
2016-07-07,15.3100004196167
2016-07-08,15.079999923706055
2016-07-11,14.850000381469727
2016-07-12,14.779999732971191
2016-07-13,15.329999923706055
2016-07-14,15.609999656677246
2016-07-15,15.640000343322754
2016-07-18,15.989999771118164
2016-07-19,15.800000190734863
2016-07-20,15.989999771118164
2016-07-21,15.710000038146973
2016-07-22,15.5
2016-07-25,15.720000267028809
2016-07-26,15.619999885559082
2016-07-27,15.430000305175781
2016-07-28,15.149999618530273
2016-07-29,14.920000076293945
2016-08-01,15.180000305175781
2016-08-02,15.6899995803833
2016-08-03,16.239999771118164
2016-08-04,15.140000343322754
2016-08-05,14.350000381469727
2016-08-08,14.59000015258789
2016-08-09,14.539999961853027
2016-08-10,14.920000076293945
2016-08-11,14.210000038146973
2016-08-12,13.770000457763672
2016-08-16,14.180000305175781
2016-08-17,14.779999732971191
2016-08-18,14.550000190734863
2016-08-19,14.539999961853027
2016-08-22,14.239999771118164
2016-08-23,13.899999618530273
2016-08-24,13.489999771118164
2016-08-25,13.289999961853027
2016-08-26,13.569999694824219
2016-08-29,13.170000076293945
2016-08-30,13.020000457763672
2016-08-31,13.239999771118164
2016-09-01,13.34000015258789
2016-09-02,12.9399995803833
2016-09-06,12.75
2016-09-07,13.149999618530273
2016-09-08,13.119999885559082
2016-09-09,13.229999542236328
2016-09-12,15.239999771118164
2016-09-14,14.760000228881836
2016-09-15,14.680000305175781
2016-09-16,14.579999923706055
2016-09-19,14.9399995803833
2016-09-20,14.779999732971191
2016-09-21,14.8100004196167
2016-09-22,13.34000015258789
2016-09-23,13.25
2016-09-26,14.569999694824219
2016-09-27,14.25
2016-09-28,13.850000381469727
2016-09-29,18.450000762939453
2016-09-30,17.18000030517578
2016-10-03,15.619999885559082
2016-10-04,14.989999771118164
2016-10-05,14.930000305175781
2016-10-06,14.84000015258789
2016-10-07,14.489999771118164
2016-10-10,14.289999961853027
2016-10-13,15.430000305175781
2016-10-14,14.890000343322754
2016-10-17,15.65999984741211
2016-10-18,14.539999961853027
2016-10-19,14.609999656677246
2016-10-20,14.170000076293945
2016-10-21,13.829999923706055
2016-10-24,14.329999923706055
2016-10-25,14.479999542236328
2016-10-26,14.449999809265137
2016-10-27,14.09000015258789
2016-10-28,14.649999618530273
2016-11-01,15.739999771118164
2016-11-02,16.799999237060547
2016-11-03,16.469999313354492
2016-11-04,16.850000381469727
2016-11-07,16.510000228881836
2016-11-08,16.770000457763672
2016-11-09,16.6200008392334
2016-11-10,15.460000038146973
2016-11-11,17.360000610351562
2016-11-15,20.149999618530273
2016-11-16,19.5
2016-11-17,18.709999084472656
2016-11-18,17.809999465942383
2016-11-21,19.100000381469727
2016-11-22,18.469999313354492
2016-11-23,18.040000915527344
2016-11-24,17.15999984741211
2016-11-25,17.610000610351562
2016-11-28,18.059999465942383
2016-11-29,17.709999084472656
2016-11-30,16.850000381469727
2016-12-01,16.690000534057617
2016-12-02,17.93000030517578
2016-12-05,17.290000915527344
2016-12-06,17.110000610351562
2016-12-07,16.850000381469727
2016-12-08,15.529999732971191
2016-12-09,15.069999694824219
2016-12-12,16.190000534057617
2016-12-13,15.920000076293945
2016-12-14,16.59000015258789
2016-12-15,15.65999984741211
2016-12-16,15.25
2016-12-19,14.84000015258789
2016-12-20,14.539999961853027
2016-12-21,14.710000038146973
2016-12-22,15.550000190734863
2016-12-23,15.130000114440918
2016-12-26,16.600000381469727
2016-12-27,15.079999923706055
2016-12-28,15.539999961853027
2016-12-29,15.279999732971191
2016-12-30,15.470000267028809
2017-01-02,15.829999923706055
2017-01-03,15.960000038146973
2017-01-04,15.890000343322754
2017-01-05,15.050000190734863
2017-01-06,14.90999984741211
2017-01-09,15.479999542236328
2017-01-10,15.199999809265137
2017-01-11,14.8100004196167
2017-01-12,14.609999656677246
2017-01-13,14.380000114440918
2017-01-16,15.069999694824219
2017-01-17,15.390000343322754
2017-01-18,15.180000305175781
2017-01-19,15.020000457763672
2017-01-20,15.789999961853027
2017-01-23,15.90999984741211
2017-01-24,15.289999961853027
2017-01-25,15.170000076293945
2017-01-27,16.010000228881836
2017-01-30,16.670000076293945
2017-01-31,16.829999923706055
2017-02-01,13.970000267028809
2017-02-02,13.520000457763672
2017-02-03,13.130000114440918
2017-02-06,13.399999618530273
2017-02-07,13.510000228881836
2017-02-08,13.350000381469727
2017-02-09,13.239999771118164
2017-02-10,13.180000305175781
2017-02-13,13.6899995803833
2017-02-14,13.800000190734863
2017-02-15,14.210000038146973
2017-02-16,13.729999542236328
2017-02-17,13.430000305175781
2017-02-20,13.609999656677246
2017-02-21,13.529999732971191
2017-02-22,13.699999809265137
2017-02-23,13.399999618530273
2017-02-27,13.680000305175781
2017-02-28,13.789999961853027
2017-03-01,13.579999923706055
2017-03-02,13.359999656677246
2017-03-03,13.350000381469727
2017-03-06,13.640000343322754
2017-03-07,13.880000114440918
2017-03-08,14.079999923706055
2017-03-09,14.390000343322754
2017-03-10,13.960000038146973
2017-03-14,12.399999618530273
2017-03-15,12.420000076293945
2017-03-16,11.90999984741211
2017-03-17,11.850000381469727
2017-03-20,12.020000457763672
2017-03-21,11.9399995803833
2017-03-22,12.270000457763672
2017-03-23,11.84000015258789
2017-03-24,11.979999542236328
2017-03-27,12.4399995803833
2017-03-28,12.119999885559082
2017-03-29,12.09000015258789
2017-03-30,12.149999618530273
2017-03-31,12.420000076293945
2017-04-03,11.489999771118164
2017-04-05,11.550000190734863
2017-04-06,11.289999961853027
2017-04-07,11.6899995803833
2017-04-10,11.619999885559082
2017-04-11,11.399999618530273
2017-04-12,11.630000114440918
2017-04-13,11.579999923706055
2017-04-17,11.890000343322754
2017-04-18,12.380000114440918
2017-04-19,12.220000267028809
2017-04-20,11.5600004196167
2017-04-21,11.420000076293945
2017-04-24,11.630000114440918
2017-04-25,11.15999984741211
2017-04-26,11.739999771118164
2017-04-27,11.069999694824219
2017-04-28,10.859999656677246
2017-05-02,11.449999809265137
2017-05-03,11.529999732971191
2017-05-04,11.329999923706055
2017-05-05,11.989999771118164
2017-05-08,11.670000076293945
2017-05-09,11.109999656677246
2017-05-10,10.949999809265137
2017-05-11,10.84000015258789
2017-05-12,10.630000114440918
2017-05-15,10.680000305175781
2017-05-16,10.5600004196167
2017-05-17,10.640000343322754
2017-05-18,11.789999961853027
2017-05-19,11.300000190734863
2017-05-22,11.199999809265137
2017-05-23,12.199999809265137
2017-05-24,11.829999923706055
2017-05-25,10.449999809265137
2017-05-26,10.859999656677246
2017-05-29,11.789999961853027
2017-05-30,11.770000457763672
2017-05-31,11.760000228881836
2017-06-01,11.3100004196167
2017-06-02,10.8100004196167
2017-06-05,11.020000457763672
2017-06-06,11.130000114440918
2017-06-07,10.890000343322754
2017-06-08,11.069999694824219
2017-06-09,10.859999656677246
2017-06-12,11.420000076293945
2017-06-13,11.34000015258789
2017-06-14,11.180000305175781
2017-06-15,11.329999923706055
2017-06-16,10.920000076293945
2017-06-19,10.630000114440918
2017-06-20,10.65999984741211
2017-06-21,10.920000076293945
2017-06-22,11.210000038146973
2017-06-23,11.5600004196167
2017-06-27,12.510000228881836
2017-06-28,11.989999771118164
2017-06-29,11.380000114440918
2017-06-30,11.729999542236328
2017-07-03,11.199999809265137
2017-07-04,11.279999732971191
2017-07-05,11.149999618530273
2017-07-06,10.979999542236328
2017-07-07,10.869999885559082
2017-07-10,10.90999984741211
2017-07-11,10.890000343322754
2017-07-12,11.050000190734863
2017-07-13,11.25
2017-07-14,11.170000076293945
2017-07-17,11.460000038146973
2017-07-18,11.489999771118164
2017-07-19,11.260000228881836
2017-07-20,11.319999694824219
2017-07-21,11.09000015258789
2017-07-24,11.3100004196167
2017-07-25,10.90999984741211
2017-07-26,11.170000076293945
2017-07-27,11.220000267028809
2017-07-28,11.140000343322754
2017-07-31,11.899999618530273
2017-08-01,11.90999984741211
2017-08-02,11.9399995803833
2017-08-03,11.640000343322754
2017-08-04,11.390000343322754
2017-08-07,11.899999618530273
2017-08-08,12.770000457763672
2017-08-09,13.449999809265137
2017-08-10,13.800000190734863
2017-08-11,15.199999809265137
2017-08-14,14.380000114440918
2017-08-16,14.239999771118164
2017-08-17,14.34000015258789
2017-08-18,14.569999694824219
2017-08-21,14.819999694824219
2017-08-22,14.109999656677246
2017-08-23,13.180000305175781
2017-08-24,12.569999694824219
2017-08-28,12.640000343322754
2017-08-29,13.539999961853027
2017-08-30,12.890000343322754
2017-08-31,11.949999809265137
2017-09-01,11.680000305175781
2017-09-04,13.170000076293945
2017-09-05,12.890000343322754
2017-09-06,13.119999885559082
2017-09-07,13.010000228881836
2017-09-08,12.960000038146973
2017-09-11,12.359999656677246
2017-09-12,11.760000228881836
2017-09-13,11.760000228881836
2017-09-14,11.470000267028809
2017-09-15,11.680000305175781
2017-09-18,11.4399995803833
2017-09-19,11.470000267028809
2017-09-20,11.630000114440918
2017-09-21,11.630000114440918
2017-09-22,12.8100004196167
2017-09-25,13.34000015258789
2017-09-26,12.930000305175781
2017-09-27,13.859999656677246
2017-09-28,13.170000076293945
2017-09-29,12.489999771118164
2017-10-03,12.460000038146973
2017-10-04,11.800000190734863
2017-10-05,11.710000038146973
2017-10-06,11.119999885559082
2017-10-09,11.390000343322754
2017-10-10,11.109999656677246
2017-10-11,11.729999542236328
2017-10-12,11.039999961853027
2017-10-13,11.260000228881836
2017-10-16,11.3100004196167
2017-10-17,11.609999656677246
2017-10-18,11.539999961853027
2017-10-19,12.399999618530273
2017-10-23,12.329999923706055
2017-10-24,11.59000015258789
2017-10-25,11.760000228881836
2017-10-26,11.619999885559082
2017-10-27,11.479999542236328
2017-10-30,12.109999656677246
2017-10-31,12.4399995803833
2017-11-01,12.140000343322754
2017-11-02,12.010000228881836
2017-11-03,11.90999984741211
2017-11-06,13.020000457763672
2017-11-07,13.239999771118164
2017-11-08,13.609999656677246
2017-11-09,13.270000457763672
2017-11-10,13.479999542236328
2017-11-13,14.050000190734863
2017-11-14,14.170000076293945
2017-11-15,14.270000457763672
2017-11-16,13.460000038146973
2017-11-17,13.710000038146973
2017-11-20,13.430000305175781
2017-11-21,13.720000267028809
2017-11-22,14.039999961853027
2017-11-23,13.869999885559082
2017-11-24,13.510000228881836
2017-11-27,13.029999732971191
2017-11-28,13.149999618530273
2017-11-29,13.0600004196167
2017-11-30,13.550000190734863
2017-12-01,14.800000190734863
2017-12-04,14.859999656677246
2017-12-05,15.010000228881836
2017-12-06,15.09000015258789
2017-12-07,14.270000457763672
2017-12-08,13.670000076293945
2017-12-11,14.149999618530273
2017-12-12,15.260000228881836
2017-12-13,15.949999809265137
2017-12-14,16.40999984741211
2017-12-15,14.9399995803833
2017-12-18,13.119999885559082
2017-12-19,12.1899995803833
2017-12-20,12.1899995803833
2017-12-21,12.09000015258789
2017-12-22,11.59000015258789
2017-12-26,12.050000190734863
2017-12-27,12.489999771118164
2017-12-28,12.300000190734863
2017-12-29,12.670000076293945
2018-01-01,13.350000381469727
2018-01-02,13.6899995803833
2018-01-03,13.619999885559082
2018-01-04,13.420000076293945
2018-01-05,13.109999656677246
2018-01-08,13.739999771118164
2018-01-09,13.850000381469727
2018-01-10,14.039999961853027
2018-01-11,14.010000228881836
2018-01-12,13.729999542236328
2018-01-15,14.3100004196167
2018-01-16,14.09000015258789
2018-01-17,13.859999656677246
2018-01-18,13.960000038146973
2018-01-19,13.979999542236328
2018-01-22,15.390000343322754
2018-01-23,16.229999542236328
2018-01-24,18.040000915527344
2018-01-25,17.510000228881836
2018-01-29,17.889999389648438
2018-01-30,16.420000076293945
2018-01-31,15.930000305175781
2018-02-01,14.109999656677246
2018-02-02,15.25
2018-02-05,16.049999237060547
2018-02-06,20.020000457763672
2018-02-07,19.469999313354492
2018-02-08,17.770000457763672
2018-02-09,19.229999542236328
2018-02-12,17.8799991607666
2018-02-14,17.18000030517578
2018-02-15,16.31999969482422
2018-02-16,16.3799991607666
2018-02-19,16.670000076293945
2018-02-20,16.8700008392334
2018-02-21,15.920000076293945
2018-02-22,14.829999923706055
2018-02-23,14.199999809265137
2018-02-26,13.699999809265137
2018-02-27,13.920000076293945
2018-02-28,13.8100004196167
2018-03-01,14.069999694824219
2018-03-05,15.399999618530273
2018-03-06,16.25
2018-03-07,15.699999809265137
2018-03-08,14.59000015258789
2018-03-09,14.529999732971191
2018-03-12,14.489999771118164
2018-03-13,14.460000038146973
2018-03-14,14.359999656677246
2018-03-15,14.329999923706055
2018-03-16,15.220000267028809
2018-03-19,15.819999694824219
2018-03-20,15.609999656677246
2018-03-21,15.109999656677246
2018-03-22,15.25
2018-03-23,15.550000190734863
2018-03-26,15.199999809265137
2018-03-27,15.550000190734863
2018-03-28,15.760000228881836
2018-04-02,15.350000381469727
2018-04-03,15.1899995803833
2018-04-04,16.34000015258789
2018-04-05,14.800000190734863
2018-04-06,14.75
2018-04-09,14.869999885559082
2018-04-10,14.5
2018-04-11,14.720000267028809
2018-04-12,14.5600004196167
2018-04-13,14.140000343322754
2018-04-16,14.260000228881836
2018-04-17,14.039999961853027
2018-04-18,14.109999656677246
2018-04-19,13.75
2018-04-20,12.9399995803833
2018-04-23,13.149999618530273
2018-04-24,11.899999618530273
2018-04-25,12.399999618530273
2018-04-26,12.039999961853027
2018-04-27,12.020000457763672
2018-04-30,12.359999656677246
2018-05-02,12.84000015258789
2018-05-03,12.989999771118164
2018-05-04,13.25
2018-05-07,13.760000228881836
2018-05-08,14.0600004196167
2018-05-09,14.270000457763672
2018-05-10,14.430000305175781
2018-05-11,13.979999542236328
2018-05-14,14.25
2018-05-15,13.170000076293945
2018-05-16,13.4399995803833
2018-05-17,13.40999984741211
2018-05-18,14.149999618530273
2018-05-21,14.40999984741211
2018-05-22,13.600000381469727
2018-05-23,14.15999984741211
2018-05-24,13.149999618530273
2018-05-25,12.649999618530273
2018-05-28,13.0600004196167
2018-05-29,13.069999694824219
2018-05-30,13.40999984741211
2018-05-31,13.220000267028809
2018-06-01,13.569999694824219
2018-06-04,13.880000114440918
2018-06-05,13.319999694824219
2018-06-06,12.550000190734863
2018-06-07,12.779999732971191
2018-06-08,12.699999809265137
2018-06-11,13.180000305175781
2018-06-12,12.729999542236328
2018-06-13,12.640000343322754
2018-06-14,12.100000381469727
2018-06-15,12.069999694824219
2018-06-18,12.380000114440918
2018-06-19,12.920000076293945
2018-06-20,12.170000076293945
2018-06-21,12.449999809265137
2018-06-22,12.020000457763672
2018-06-25,12.579999923706055
2018-06-26,12.800000190734863
2018-06-27,13.510000228881836
2018-06-28,13.949999809265137
2018-06-29,12.9399995803833
2018-07-02,13.369999885559082
2018-07-03,13.0
2018-07-04,12.65999984741211
2018-07-05,12.579999923706055
2018-07-06,12.4399995803833
2018-07-09,12.390000343322754
2018-07-10,12.399999618530273
2018-07-11,12.779999732971191
2018-07-12,12.510000228881836
2018-07-13,12.300000190734863
2018-07-16,12.949999809265137
2018-07-17,12.829999923706055
2018-07-18,13.680000305175781
2018-07-19,13.59000015258789
2018-07-20,13.539999961853027
2018-07-23,13.010000228881836
2018-07-24,12.470000267028809
2018-07-25,12.210000038146973
2018-07-26,12.029999732971191
2018-07-27,12.3100004196167
2018-07-30,12.59000015258789
2018-07-31,12.479999542236328
2018-08-01,12.529999732971191
2018-08-02,12.5600004196167
2018-08-03,12.079999923706055
2018-08-06,12.5600004196167
2018-08-07,12.579999923706055
2018-08-08,12.539999961853027
2018-08-09,12.680000305175781
2018-08-10,12.850000381469727
2018-08-13,13.399999618530273
2018-08-14,13.279999732971191
2018-08-16,13.649999618530273
2018-08-17,13.15999984741211
2018-08-20,13.029999732971191
2018-08-21,12.899999618530273
2018-08-23,12.760000228881836
2018-08-24,12.40999984741211
2018-08-27,12.239999771118164
2018-08-28,12.430000305175781
2018-08-29,12.4399995803833
2018-08-30,12.40999984741211
2018-08-31,12.600000381469727
2018-09-03,13.390000343322754
2018-09-04,13.779999732971191
2018-09-05,13.649999618530273
2018-09-06,13.720000267028809
2018-09-07,13.890000343322754
2018-09-10,15.199999809265137
2018-09-11,15.329999923706055
2018-09-12,14.25
2018-09-14,13.84000015258789
2018-09-17,14.5
2018-09-18,14.420000076293945
2018-09-19,14.010000228881836
2018-09-21,15.539999961853027
2018-09-24,17.43000030517578
2018-09-25,16.68000030517578
2018-09-26,17.09000015258789
2018-09-27,16.920000076293945
2018-09-28,17.0
2018-10-01,16.84000015258789
2018-10-03,18.1200008392334
2018-10-04,18.920000076293945
2018-10-05,19.729999542236328
2018-10-08,20.149999618530273
2018-10-09,19.760000228881836
2018-10-10,17.90999984741211
2018-10-11,20.549999237060547
2018-10-12,18.6299991607666
2018-10-15,18.889999389648438
2018-10-16,17.3700008392334
2018-10-17,17.979999542236328
2018-10-19,19.790000915527344
2018-10-22,21.360000610351562
2018-10-23,19.040000915527344
2018-10-24,18.8799991607666
2018-10-25,18.959999084472656
2018-10-26,19.229999542236328
2018-10-29,19.829999923706055
2018-10-30,20.5
2018-10-31,19.799999237060547
2018-11-01,19.190000534057617
2018-11-02,18.229999542236328
2018-11-05,19.479999542236328
2018-11-06,18.510000228881836
2018-11-07,17.719999313354492
2018-11-09,17.770000457763672
2018-11-12,19.3700008392334
2018-11-13,18.700000762939453
2018-11-14,18.829999923706055
2018-11-15,18.450000762939453
2018-11-16,18.350000381469727
2018-11-19,19.260000228881836
2018-11-20,19.329999923706055
2018-11-21,19.559999465942383
2018-11-22,19.15999984741211
2018-11-26,20.399999618530273
2018-11-27,18.31999969482422
2018-11-28,17.959999084472656
2018-11-29,18.700000762939453
2018-11-30,19.15999984741211
2018-12-03,18.219999313354492
2018-12-04,18.110000610351562
2018-12-05,18.389999389648438
2018-12-06,19.309999465942383
2018-12-07,18.59000015258789
2018-12-10,20.440000534057617
2018-12-11,17.950000762939453
2018-12-12,15.8100004196167
2018-12-13,15.550000190734863
2018-12-14,15.15999984741211
2018-12-17,14.539999961853027
2018-12-18,14.579999923706055
2018-12-19,14.65999984741211
2018-12-20,14.329999923706055
2018-12-21,15.989999771118164
2018-12-24,15.75
2018-12-26,15.920000076293945
2018-12-27,16.06999969482422
2018-12-28,15.270000457763672
2018-12-31,16.0
2019-01-01,15.329999923706055
2019-01-02,16.389999389648438
2019-01-03,16.790000915527344
2019-01-04,16.15999984741211
2019-01-07,16.299999237060547
2019-01-08,15.699999809265137
2019-01-09,15.270000457763672
2019-01-10,15.350000381469727
2019-01-11,15.350000381469727
2019-01-14,16.15999984741211
2019-01-15,15.579999923706055
2019-01-16,16.079999923706055
2019-01-17,16.239999771118164
2019-01-18,16.6200008392334
2019-01-21,18.149999618530273
2019-01-22,17.989999771118164
2019-01-23,18.09000015258789
2019-01-24,17.43000030517578
2019-01-25,17.690000534057617
2019-01-28,18.899999618530273
2019-01-29,18.43000030517578
2019-01-30,17.850000381469727
2019-01-31,17.1200008392334
2019-02-01,15.720000267028809
2019-02-04,15.720000267028809
2019-02-05,15.779999732971191
2019-02-06,15.630000114440918
2019-02-07,15.4399995803833
2019-02-08,15.569999694824219
2019-02-11,15.84000015258789
2019-02-12,15.75
2019-02-14,15.770000457763672
2019-02-15,16.459999084472656
2019-02-18,18.0
2019-02-19,18.469999313354492
2019-02-20,17.059999465942383
2019-02-21,16.049999237060547
2019-02-22,15.449999809265137
2019-02-25,15.359999656677246
2019-02-26,17.110000610351562
2019-02-27,18.899999618530273
2019-02-28,18.280000686645508
2019-03-01,16.270000457763672
2019-03-05,15.65999984741211
2019-03-06,15.609999656677246
2019-03-07,15.289999961853027
2019-03-08,14.9399995803833
2019-03-11,14.899999618530273
2019-03-12,15.100000381469727
2019-03-13,15.279999732971191
2019-03-14,15.149999618530273
2019-03-15,15.869999885559082
2019-03-18,16.899999618530273
2019-03-19,16.489999771118164
2019-03-20,16.030000686645508
2019-03-22,16.270000457763672
2019-03-25,16.670000076293945
2019-03-26,16.489999771118164
2019-03-27,17.049999237060547
2019-03-28,16.649999618530273
2019-04-01,18.010000228881836
2019-04-02,18.079999923706055
2019-04-03,18.780000686645508
2019-04-04,18.649999618530273
2019-04-05,18.389999389648438
2019-04-08,20.149999618530273
2019-04-09,20.280000686645508
2019-04-10,21.1299991607666
2019-04-11,20.959999084472656
2019-04-12,21.0
2019-04-15,21.389999389648438
2019-04-16,21.690000534057617
2019-04-18,22.739999771118164
2019-04-22,24.049999237060547
2019-04-23,24.649999618530273
2019-04-24,23.709999084472656
2019-04-25,23.229999542236328
2019-04-26,21.719999313354492
2019-04-30,21.829999923706055
2019-05-02,22.979999542236328
2019-05-03,24.030000686645508
2019-05-06,26.43000030517578
2019-05-07,26.479999542236328
2019-05-08,26.3700008392334
2019-05-09,25.489999771118164
2019-05-10,26.34000015258789
2019-05-13,27.3799991607666
2019-05-14,27.1299991607666
2019-05-15,28.65999984741211
2019-05-16,28.3700008392334
2019-05-17,28.079999923706055
2019-05-20,23.68000030517578
2019-05-21,25.649999618530273
2019-05-22,27.6299991607666
2019-05-23,19.40999984741211
2019-05-24,16.469999313354492
2019-05-27,16.190000534057617
2019-05-28,15.920000076293945
2019-05-29,16.40999984741211
2019-05-30,15.609999656677246
2019-05-31,16.06999969482422
2019-06-03,15.970000267028809
2019-06-04,15.630000114440918
2019-06-06,15.529999732971191
2019-06-07,14.859999656677246
2019-06-10,14.979999542236328
2019-06-11,14.489999771118164
2019-06-12,14.119999885559082
2019-06-13,13.65999984741211
2019-06-14,13.899999618530273
2019-06-17,14.649999618530273
2019-06-18,14.600000381469727
2019-06-19,14.729999542236328
2019-06-20,14.0
2019-06-21,14.609999656677246
2019-06-24,15.220000267028809
2019-06-25,15.010000228881836
2019-06-26,14.75
2019-06-27,14.649999618530273
2019-06-28,14.949999809265137
2019-07-01,14.600000381469727
2019-07-02,14.25
2019-07-03,13.699999809265137
2019-07-04,13.529999732971191
2019-07-05,13.069999694824219
2019-07-08,13.850000381469727
2019-07-09,13.6899995803833
2019-07-10,13.640000343322754
2019-07-11,12.470000267028809
2019-07-12,12.0
2019-07-15,12.020000457763672
2019-07-16,11.5600004196167
2019-07-17,11.800000190734863
2019-07-18,11.75
2019-07-19,12.520000457763672
2019-07-22,13.010000228881836
2019-07-23,13.430000305175781
2019-07-24,12.760000228881836
2019-07-25,12.640000343322754
2019-07-26,12.130000114440918
2019-07-29,13.0600004196167
2019-07-30,13.609999656677246
2019-07-31,13.59000015258789
2019-08-01,14.5600004196167
2019-08-02,15.1899995803833
2019-08-05,16.59000015258789
2019-08-06,16.1200008392334
2019-08-07,16.739999771118164
2019-08-08,16.09000015258789
2019-08-09,15.850000381469727
2019-08-13,17.780000686645508
2019-08-14,16.360000610351562
2019-08-16,16.649999618530273
2019-08-19,16.75
2019-08-20,16.6299991607666
2019-08-21,17.020000457763672
2019-08-22,17.850000381469727
2019-08-23,17.350000381469727
2019-08-26,16.65999984741211
2019-08-27,16.010000228881836
2019-08-28,16.84000015258789
2019-08-29,16.43000030517578
2019-08-30,16.280000686645508
2019-09-03,18.059999465942383
2019-09-04,17.239999771118164
2019-09-05,17.270000457763672
2019-09-06,16.270000457763672
2019-09-09,15.850000381469727
2019-09-11,15.369999885559082
2019-09-12,14.899999618530273
2019-09-13,14.119999885559082
2019-09-16,14.949999809265137
2019-09-17,16.020000457763672
2019-09-18,15.350000381469727
2019-09-19,15.550000190734863
2019-09-20,15.399999618530273
2019-09-23,16.790000915527344
2019-09-24,16.729999542236328
2019-09-25,16.170000076293945
2019-09-26,16.34000015258789
2019-09-27,16.110000610351562
2019-09-30,15.869999885559082
2019-10-01,16.760000228881836
2019-10-03,17.700000762939453
2019-10-04,17.579999923706055
2019-10-07,17.829999923706055
2019-10-09,17.15999984741211
2019-10-10,17.229999542236328
2019-10-11,17.139999389648438
2019-10-14,17.43000030517578
2019-10-15,16.850000381469727
2019-10-16,16.360000610351562
2019-10-17,15.880000114440918
2019-10-18,15.930000305175781
2019-10-22,16.809999465942383
2019-10-23,16.540000915527344
2019-10-24,16.239999771118164
2019-10-25,15.319999694824219
2019-10-29,16.420000076293945
2019-10-30,16.65999984741211
2019-10-31,16.280000686645508
2019-11-01,15.729999542236328
2019-11-04,15.930000305175781
2019-11-05,15.920000076293945
2019-11-06,15.779999732971191
2019-11-07,15.210000038146973
2019-11-08,15.859999656677246
2019-11-11,16.25
2019-11-13,16.459999084472656
2019-11-14,15.649999618530273
2019-11-15,15.029999732971191
2019-11-18,15.760000228881836
2019-11-19,15.40999984741211
2019-11-20,15.15999984741211
2019-11-21,14.979999542236328
2019-11-22,14.869999885559082
2019-11-25,15.0
2019-11-26,14.84000015258789
2019-11-27,14.619999885559082
2019-11-28,13.989999771118164
2019-11-29,13.899999618530273
2019-12-02,14.199999809265137
2019-12-03,14.5600004196167
2019-12-04,13.319999694824219
2019-12-05,14.3100004196167
2019-12-06,13.640000343322754
2019-12-09,14.600000381469727
2019-12-10,14.289999961853027
2019-12-11,13.380000114440918
2019-12-12,13.350000381469727
2019-12-13,13.300000190734863
2019-12-16,13.420000076293945
2019-12-17,12.520000457763672
2019-12-18,12.34000015258789
2019-12-19,12.119999885559082
2019-12-20,12.329999923706055
2019-12-23,11.960000038146973
2019-12-24,11.630000114440918
2019-12-26,11.119999885559082
2019-12-27,10.529999732971191
2019-12-30,11.010000228881836
2019-12-31,11.670000076293945
2020-01-02,11.489999771118164
2020-01-03,12.699999809265137
2020-01-06,14.779999732971191
2020-01-07,14.609999656677246
2020-01-08,15.640000343322754
2020-01-09,14.0
2020-01-10,14.079999923706055
2020-01-13,14.279999732971191
2020-01-14,13.90999984741211
2020-01-15,14.119999885559082
2020-01-16,14.180000305175781
2020-01-17,14.130000114440918
2020-01-20,15.40999984741211
2020-01-21,15.859999656677246
2020-01-22,16.360000610351562
2020-01-23,15.859999656677246
2020-01-24,15.5600004196167
2020-01-27,17.18000030517578
2020-01-28,17.299999237060547
2020-01-29,16.5
2020-01-30,16.799999237060547
2020-01-31,17.3700008392334
2020-02-03,15.779999732971191
2020-02-04,14.380000114440918
2020-02-05,14.170000076293945
2020-02-06,13.779999732971191
2020-02-07,13.75
2020-02-10,14.210000038146973
2020-02-11,13.880000114440918
2020-02-12,13.619999885559082
2020-02-13,13.369999885559082
2020-02-14,13.619999885559082
2020-02-17,14.420000076293945
2020-02-18,14.510000228881836
2020-02-19,14.020000457763672
2020-02-20,13.699999809265137
2020-02-24,17.0
2020-02-25,16.899999618530273
2020-02-26,18.260000228881836
2020-02-27,17.770000457763672
2020-02-28,23.239999771118164
2020-03-02,25.200000762939453
2020-03-03,24.540000915527344
2020-03-04,24.229999542236328
2020-03-05,23.25
2020-03-06,25.639999389648438
2020-03-09,30.799999237060547
2020-03-11,31.559999465942383
2020-03-12,41.15999984741211
2020-03-13,51.470001220703125
2020-03-16,58.880001068115234
2020-03-17,62.93000030517578
2020-03-18,63.959999084472656
2020-03-19,72.19999694824219
2020-03-20,67.0999984741211
2020-03-23,71.98999786376953
2020-03-24,83.61000061035156
2020-03-25,77.62999725341797
2020-03-26,71.52999877929688
2020-03-27,70.38999938964844
2020-03-30,71.88999938964844
2020-03-31,64.41000366210938
2020-04-01,60.04999923706055
2020-04-03,55.29999923706055
2020-04-07,51.79999923706055
2020-04-08,52.2400016784668
2020-04-09,49.75
2020-04-13,51.459999084472656
2020-04-15,49.7400016784668
2020-04-16,46.099998474121094
2020-04-17,42.59000015258789
2020-04-20,43.459999084472656
2020-04-21,45.20000076293945
2020-04-22,42.81999969482422
2020-04-23,39.22999954223633
2020-04-24,39.119998931884766
2020-04-27,38.040000915527344
2020-04-28,35.349998474121094
2020-04-29,33.84000015258789
2020-04-30,33.9900016784668
2020-05-04,43.66999816894531
2020-05-05,43.61000061035156
2020-05-06,41.25
2020-05-07,39.93000030517578
2020-05-08,38.40999984741211
2020-05-11,38.040000915527344
2020-05-12,38.209999084472656
2020-05-13,38.84000015258789
2020-05-14,38.18000030517578
2020-05-15,38.02000045776367
2020-05-18,40.91999816894531
2020-05-19,39.45000076293945
2020-05-20,35.810001373291016
2020-05-21,32.9900016784668
2020-05-22,32.380001068115234
2020-05-26,31.469999313354492
2020-05-27,31.270000457763672
2020-05-28,30.020000457763672
2020-05-29,30.219999313354492
2020-06-01,30.739999771118164
2020-06-02,30.1200008392334
2020-06-03,30.040000915527344
2020-06-04,29.690000534057617
2020-06-05,28.68000030517578
2020-06-08,29.649999618530273
2020-06-09,30.209999084472656
2020-06-10,29.440000534057617
2020-06-11,29.65999984741211
2020-06-12,30.81999969482422
2020-06-15,32.58000183105469
2020-06-16,32.970001220703125
2020-06-17,33.349998474121094
2020-06-18,31.459999084472656
2020-06-19,29.969999313354492
2020-06-22,30.459999084472656
2020-06-23,29.34000015258789
2020-06-24,29.579999923706055
2020-06-25,29.729999542236328
2020-06-26,28.739999771118164
2020-06-29,28.90999984741211
2020-06-30,29.1200008392334
2020-07-01,28.1200008392334
2020-07-02,26.510000228881836
2020-07-03,25.770000457763672
2020-07-06,25.200000762939453
2020-07-07,25.100000381469727
2020-07-08,26.100000381469727
2020-07-09,24.90999984741211
2020-07-10,24.940000534057617
2020-07-13,25.25
2020-07-14,26.639999389648438
2020-07-15,26.290000915527344
2020-07-16,25.360000610351562
2020-07-17,24.15999984741211
2020-07-20,24.709999084472656
2020-07-21,24.43000030517578
2020-07-22,24.889999389648438
2020-07-23,24.639999389648438
2020-07-24,24.540000915527344
2020-07-27,25.020000457763672
2020-07-28,23.639999389648438
2020-07-29,24.110000610351562
2020-07-30,24.729999542236328
2020-07-31,24.190000534057617
2020-08-03,25.190000534057617
2020-08-04,23.81999969482422
2020-08-05,23.56999969482422
2020-08-06,23.149999618530273
2020-08-07,22.579999923706055
2020-08-10,22.510000228881836
2020-08-11,21.360000610351562
2020-08-12,20.850000381469727
2020-08-13,20.56999969482422
2020-08-14,21.670000076293945
2020-08-17,21.309999465942383
2020-08-18,20.43000030517578
2020-08-19,19.959999084472656
2020-08-20,20.6200008392334
2020-08-21,19.940000534057617
2020-08-24,19.229999542236328
2020-08-25,19.31999969482422
2020-08-26,19.299999237060547
2020-08-27,18.899999618530273
2020-08-28,18.350000381469727
2020-08-31,22.84000015258789
2020-09-01,21.799999237060547
2020-09-02,21.110000610351562
2020-09-03,20.5
2020-09-04,22.149999618530273
2020-09-07,22.010000228881836
2020-09-08,22.719999313354492
2020-09-09,22.229999542236328
2020-09-10,21.260000228881836
2020-09-11,20.709999084472656
2020-09-14,21.190000534057617
2020-09-15,20.600000381469727
2020-09-16,19.65999984741211
2020-09-17,20.100000381469727
2020-09-18,20.049999237060547
2020-09-21,22.190000534057617
2020-09-22,21.40999984741211
2020-09-23,20.989999771118164
2020-09-24,23.510000228881836
2020-09-25,20.68000030517578
2020-09-28,19.56999969482422
2020-09-29,19.770000457763672
2020-09-30,19.530000686645508
2020-10-01,18.350000381469727
2020-10-05,19.700000762939453
2020-10-06,19.639999389648438
2020-10-07,20.059999465942383
2020-10-08,20.3799991607666
2020-10-09,20.3799991607666
2020-10-12,21.1299991607666
2020-10-13,20.719999313354492
2020-10-14,20.209999084472656
2020-10-15,22.059999465942383
2020-10-16,21.649999618530273
2020-10-19,21.81999969482422
2020-10-20,22.690000534057617
2020-10-21,22.920000076293945
2020-10-22,22.639999389648438
2020-10-23,21.829999923706055
2020-10-26,22.829999923706055
2020-10-27,22.200000762939453
2020-10-28,23.280000686645508
2020-10-29,24.020000457763672
2020-10-30,24.75
2020-11-02,25.209999084472656
2020-11-03,24.239999771118164
2020-11-04,23.200000762939453
2020-11-05,20.969999313354492
2020-11-06,20.5
2020-11-09,20.110000610351562
2020-11-10,21.579999923706055
2020-11-11,22.030000686645508
2020-11-12,20.6200008392334
2020-11-13,19.700000762939453
2020-11-17,19.799999237060547
2020-11-18,19.1200008392334
2020-11-19,19.56999969482422
2020-11-20,19.6200008392334
2020-11-23,20.799999237060547
2020-11-24,21.059999465942383
2020-11-25,23.1299991607666
2020-11-26,20.020000457763672
2020-11-27,19.81999969482422
2020-12-01,20.18000030517578
2020-12-02,19.90999984741211
2020-12-03,19.0
2020-12-04,18.030000686645508
2020-12-07,18.020000457763672
2020-12-08,18.6200008392334
2020-12-09,18.920000076293945
2020-12-10,18.709999084472656
2020-12-11,18.790000915527344
2020-12-14,19.399999618530273
2020-12-15,19.350000381469727
2020-12-16,19.200000762939453
2020-12-17,19.15999984741211
2020-12-18,18.6200008392334
2020-12-21,23.190000534057617
2020-12-22,21.989999771118164
2020-12-23,20.5
2020-12-24,19.969999313354492
2020-12-28,20.43000030517578
2020-12-29,20.790000915527344
2020-12-30,21.110000610351562
2020-12-31,21.100000381469727
2021-01-04,20.030000686645508
2021-01-05,20.459999084472656
2021-01-06,21.0
2021-01-07,20.6200008392334
2021-01-08,20.639999389648438
2021-01-11,22.3799991607666
2021-01-12,22.850000381469727
2021-01-13,23.290000915527344
2021-01-14,23.030000686645508
2021-01-15,24.010000228881836
2021-01-18,24.399999618530273
2021-01-19,22.899999618530273
2021-01-20,21.549999237060547
2021-01-21,22.18000030517578
2021-01-25,23.25
2021-01-27,24.389999389648438
2021-01-28,24.290000915527344
2021-01-29,25.34000015258789
2021-02-01,23.31999969482422
2021-02-02,23.350000381469727
2021-02-03,23.75
2021-02-04,23.1200008392334
2021-02-05,23.420000076293945
2021-02-08,23.959999084472656
2021-02-09,24.270000457763672
2021-02-10,23.950000762939453
2021-02-11,23.049999237060547
2021-02-12,22.040000915527344
2021-02-16,21.780000686645508
2021-02-18,21.540000915527344
2021-02-19,22.25
2021-02-22,25.469999313354492
2021-02-23,25.229999542236328
2021-02-24,24.170000076293945
2021-02-25,22.889999389648438
2021-02-26,28.139999389648438
2021-03-01,25.6299991607666
2021-03-02,23.610000610351562
2021-03-03,22.09000015258789
2021-03-04,24.149999618530273
2021-03-05,25.559999465942383
2021-03-08,24.68000030517578
2021-03-09,22.5
2021-03-10,20.75
2021-03-12,21.709999084472656
2021-03-15,21.229999542236328
2021-03-16,20.190000534057617
2021-03-17,20.15999984741211
2021-03-18,20.079999923706055
2021-03-19,19.989999771118164
2021-03-22,20.489999771118164
2021-03-23,20.670000076293945
2021-03-24,22.459999084472656
2021-03-25,22.700000762939453
2021-03-26,20.649999618530273
2021-03-30,20.489999771118164
2021-03-31,20.649999618530273
2021-04-01,19.989999771118164
2021-04-05,21.219999313354492
2021-04-06,20.84000015258789
2021-04-07,20.25
2021-04-08,20.309999465942383
2021-04-09,19.790000915527344
2021-04-12,23.0
2021-04-13,20.459999084472656
2021-04-15,20.889999389648438
2021-04-16,20.399999618530273
2021-04-19,22.489999771118164
2021-04-20,22.43000030517578
2021-04-22,23.030000686645508
2021-04-23,22.690000534057617
2021-04-26,23.5
2021-04-27,23.079999923706055
2021-04-28,22.579999923706055
2021-04-29,23.309999465942383
2021-04-30,23.030000686645508
2021-05-03,23.690000534057617
2021-05-04,23.010000228881836
2021-05-06,22.040000915527344
2021-05-07,20.81999969482422
2021-05-10,20.229999542236328
2021-05-12,20.079999923706055
2021-05-14,20.270000457763672
2021-05-17,19.610000610351562
2021-05-18,19.239999771118164
2021-05-19,19.31999969482422
2021-05-21,19.079999923706055
2021-05-24,19.1299991607666
2021-05-26,20.8700008392334
2021-05-27,19.90999984741211
2021-05-28,17.399999618530273
2021-06-01,17.389999389648438
2021-06-02,17.209999084472656
2021-06-03,15.75
2021-06-04,15.9399995803833
2021-06-07,15.569999694824219
2021-06-08,15.229999542236328
2021-06-09,14.75
2021-06-10,15.0
2021-06-11,14.100000381469727
2021-06-14,14.720000267028809
2021-06-15,14.609999656677246
2021-06-16,14.869999885559082
2021-06-17,15.289999961853027
2021-06-18,14.800000190734863
2021-06-21,15.0600004196167
2021-06-22,14.739999771118164
2021-06-23,15.369999885559082
2021-06-24,15.100000381469727
2021-06-25,13.369999885559082
2021-06-28,13.399999618530273
2021-06-29,13.0
2021-06-30,13.050000190734863
2021-07-01,12.84000015258789
2021-07-02,12.09000015258789
2021-07-06,12.279999732971191
2021-07-07,12.210000038146973
2021-07-08,13.5600004196167
2021-07-09,12.9399995803833
2021-07-12,12.989999771118164
2021-07-13,12.619999885559082
2021-07-14,12.59000015258789
2021-07-15,12.270000457763672
2021-07-16,11.710000038146973
2021-07-19,12.680000305175781
2021-07-20,13.210000038146973
2021-07-22,11.890000343322754
2021-07-23,11.760000228881836
2021-07-26,12.449999809265137
2021-07-27,13.229999542236328
2021-07-28,13.6899995803833
2021-07-29,12.949999809265137
2021-07-30,12.800000190734863
2021-08-02,12.8100004196167
2021-08-03,13.75
2021-08-04,13.210000038146973
2021-08-05,12.869999885559082
2021-08-06,12.609999656677246
2021-08-09,12.609999656677246
2021-08-10,12.710000038146973
2021-08-11,12.710000038146973
2021-08-12,12.369999885559082
2021-08-13,12.989999771118164
2021-08-16,13.460000038146973
2021-08-17,13.40999984741211
2021-08-18,12.90999984741211
2021-08-20,14.020000457763672
2021-08-23,13.6899995803833
2021-08-24,13.1899995803833
2021-08-25,13.5
2021-08-26,13.539999961853027
2021-08-27,13.40999984741211
2021-08-30,13.319999694824219
2021-08-31,14.520000457763672
2021-09-01,14.1899995803833
2021-09-02,14.239999771118164
2021-09-03,14.539999961853027
2021-09-06,15.109999656677246
2021-09-07,14.899999618530273
2021-09-08,14.40999984741211
2021-09-09,13.9399995803833
2021-09-13,14.029999732971191
2021-09-14,13.579999923706055
2021-09-15,13.729999542236328
2021-09-16,14.40999984741211
2021-09-17,15.229999542236328
2021-09-20,17.489999771118164
2021-09-21,16.520000457763672
2021-09-22,16.489999771118164
2021-09-23,16.600000381469727
2021-09-24,16.920000076293945
2021-09-27,18.049999237060547
2021-09-28,18.540000915527344
2021-09-29,18.84000015258789
2021-09-30,18.399999618530273
2021-10-01,17.209999084472656
2021-10-04,16.739999771118164
2021-10-05,16.399999618530273
2021-10-06,17.329999923706055
2021-10-07,16.15999984741211
2021-10-08,15.649999618530273
2021-10-11,16.09000015258789
2021-10-12,15.850000381469727
2021-10-13,16.100000381469727
2021-10-14,15.770000457763672
2021-10-18,17.18000030517578
2021-10-19,17.3799991607666
2021-10-20,18.309999465942383
2021-10-21,18.040000915527344
2021-10-22,17.549999237060547
2021-10-25,17.610000610351562
2021-10-26,16.75
2021-10-27,16.829999923706055
2021-10-28,17.90999984741211
2021-10-29,17.43000030517578
2021-11-01,17.239999771118164
2021-11-02,17.059999465942383
2021-11-03,16.1299991607666
2021-11-04,15.75
2021-11-08,16.34000015258789
2021-11-09,16.0
2021-11-10,16.309999465942383
2021-11-11,16.350000381469727
2021-11-12,15.220000267028809
2021-11-15,15.470000267028809
2021-11-16,15.199999809265137
2021-11-17,14.979999542236328
2021-11-18,14.859999656677246
2021-11-22,17.520000457763672
2021-11-23,18.020000457763672
2021-11-24,17.100000381469727
2021-11-25,16.65999984741211
2021-11-26,20.799999237060547
2021-11-29,20.829999923706055
2021-11-30,21.170000076293945
2021-12-01,19.450000762939453
2021-12-02,18.09000015258789
2021-12-03,18.450000762939453
2021-12-06,20.079999923706055
2021-12-07,18.459999084472656
2021-12-08,17.270000457763672
2021-12-09,16.600000381469727
2021-12-10,16.059999465942383
2021-12-13,16.56999969482422
2021-12-14,16.950000762939453
2021-12-15,17.219999313354492
2021-12-16,15.899999618530273
2021-12-17,16.34000015258789
2021-12-20,18.969999313354492
2021-12-21,17.540000915527344
2021-12-22,16.579999923706055
2021-12-23,15.829999923706055
2021-12-24,16.149999618530273
2021-12-27,17.1200008392334
2021-12-28,16.479999542236328
2021-12-29,16.239999771118164
2021-12-30,16.56999969482422
2021-12-31,16.219999313354492
2022-01-03,16.450000762939453
2022-01-04,16.1200008392334
2022-01-05,17.229999542236328
2022-01-06,17.979999542236328
2022-01-07,17.600000381469727
2022-01-10,17.68000030517578
2022-01-11,17.760000228881836
2022-01-12,17.18000030517578
2022-01-13,16.700000762939453
2022-01-14,16.559999465942383
2022-01-17,16.770000457763672
2022-01-18,17.780000686645508
2022-01-19,17.81999969482422
2022-01-20,17.790000915527344
2022-01-21,18.889999389648438
2022-01-24,22.829999923706055
2022-01-25,21.360000610351562
2022-01-27,21.06999969482422
2022-01-28,20.700000762939453
2022-01-31,21.950000762939453
2022-02-01,19.979999542236328
2022-02-02,18.649999618530273
2022-02-03,19.15999984741211
2022-02-04,18.899999618530273
2022-02-07,20.440000534057617
2022-02-08,19.68000030517578
2022-02-09,18.559999465942383
2022-02-10,17.709999084472656
2022-02-11,18.68000030517578
2022-02-14,22.979999542236328
2022-02-15,20.610000610351562
2022-02-16,20.59000015258789
2022-02-17,22.010000228881836
2022-02-18,22.170000076293945
2022-02-21,22.899999618530273
2022-02-22,26.65999984741211
2022-02-23,24.540000915527344
2022-02-24,31.979999542236328
2022-02-25,26.739999771118164
2022-02-28,28.56999969482422
2022-03-02,29.229999542236328
2022-03-03,28.15999984741211
2022-03-04,27.959999084472656
2022-03-07,29.329999923706055
2022-03-08,28.59000015258789
2022-03-09,27.469999313354492
2022-03-10,25.579999923706055
2022-03-11,25.350000381469727
2022-03-14,25.68000030517578
2022-03-15,26.729999542236328
2022-03-16,24.1200008392334
2022-03-17,22.610000610351562
2022-03-21,24.6200008392334
2022-03-22,24.06999969482422
2022-03-23,24.75
2022-03-24,23.93000030517578
2022-03-25,23.43000030517578
2022-03-28,22.610000610351562
2022-03-29,21.299999237060547
2022-03-30,20.610000610351562
2022-03-31,20.559999465942383
2022-04-01,18.43000030517578
2022-04-04,17.90999984741211
2022-04-05,18.489999771118164
2022-04-06,19.020000457763672
2022-04-07,19.0
2022-04-08,17.690000534057617
2022-04-11,18.270000457763672
2022-04-12,18.15999984741211
2022-04-13,17.790000915527344
2022-04-18,19.34000015258789
2022-04-19,19.770000457763672
2022-04-20,18.670000076293945
2022-04-21,17.850000381469727
2022-04-22,18.350000381469727
2022-04-25,21.260000228881836
2022-04-26,19.190000534057617
2022-04-27,20.610000610351562
2022-04-28,19.3799991607666
2022-04-29,19.420000076293945
2022-05-02,20.280000686645508
2022-05-04,21.8799991607666
2022-05-05,20.290000915527344
2022-05-06,21.25
2022-05-09,22.030000686645508
2022-05-10,22.299999237060547
2022-05-11,22.799999237060547
2022-05-12,24.270000457763672
2022-05-13,23.489999771118164
2022-05-16,24.530000686645508
2022-05-17,22.739999771118164
2022-05-18,22.299999237060547
2022-05-19,24.559999465942383
2022-05-20,23.100000381469727
2022-05-23,23.399999618530273
2022-05-24,25.639999389648438
2022-05-25,25.280000686645508
2022-05-26,22.719999313354492
2022-05-27,21.479999542236328
2022-05-30,19.979999542236328
2022-05-31,20.479999542236328
2022-06-01,20.850000381469727
2022-06-02,20.31999969482422
2022-06-03,19.979999542236328
2022-06-06,20.200000762939453
2022-06-07,20.43000030517578
2022-06-08,19.84000015258789
2022-06-09,19.139999389648438
2022-06-10,19.579999923706055
2022-06-13,22.3700008392334
2022-06-14,21.889999389648438
2022-06-15,22.149999618530273
2022-06-16,22.8700008392334
2022-06-17,22.760000228881836
2022-06-20,22.40999984741211
2022-06-21,21.139999389648438
2022-06-22,21.299999237060547
2022-06-23,20.8799991607666
2022-06-24,20.549999237060547
2022-06-27,21.010000228881836
2022-06-28,21.450000762939453
2022-06-29,21.899999618530273
2022-06-30,21.84000015258789
2022-07-01,21.25
2022-07-04,20.969999313354492
2022-07-05,20.790000915527344
2022-07-06,20.270000457763672
2022-07-07,19.200000762939453
2022-07-08,18.399999618530273
2022-07-11,18.3700008392334
2022-07-12,18.549999237060547
2022-07-13,18.520000457763672
2022-07-14,18.34000015258789
2022-07-15,17.600000381469727
2022-07-18,17.15999984741211
2022-07-19,17.200000762939453
2022-07-20,16.81999969482422
2022-07-21,16.860000610351562
2022-07-22,16.649999618530273
2022-07-25,17.68000030517578
2022-07-26,18.170000076293945
2022-07-27,18.1299991607666
2022-07-28,17.010000228881836
2022-07-29,16.549999237060547
2022-08-01,17.489999771118164
2022-08-02,18.530000686645508
2022-08-03,18.450000762939453
2022-08-04,19.260000228881836
2022-08-05,18.920000076293945
2022-08-08,19.299999237060547
2022-08-10,19.59000015258789
2022-08-11,18.360000610351562
2022-08-12,17.610000610351562
2022-08-16,17.68000030517578
2022-08-17,17.68000030517578
2022-08-18,17.350000381469727
2022-08-19,18.290000915527344
2022-08-22,19.040000915527344
2022-08-23,19.049999237060547
2022-08-24,18.43000030517578
2022-08-25,19.56999969482422
2022-08-26,18.219999313354492
2022-08-29,19.81999969482422
2022-08-30,18.700000762939453
2022-09-01,19.8700008392334
2022-09-02,19.549999237060547
2022-09-05,19.65999984741211
2022-09-06,19.520000457763672
2022-09-07,19.3700008392334
2022-09-08,18.309999465942383
2022-09-09,17.719999313354492
2022-09-12,17.940000534057617
2022-09-13,17.469999313354492
2022-09-14,18.280000686645508
2022-09-15,18.389999389648438
2022-09-16,19.81999969482422
2022-09-19,19.940000534057617
2022-09-20,18.799999237060547
2022-09-21,19.329999923706055
2022-09-22,18.81999969482422
2022-09-23,20.59000015258789
2022-09-26,21.889999389648438
2022-09-27,21.56999969482422
2022-09-28,22.100000381469727
2022-09-29,21.299999237060547
2022-09-30,19.969999313354492
2022-10-03,21.3700008392334
2022-10-04,19.56999969482422
2022-10-06,19.31999969482422
2022-10-07,18.809999465942383
2022-10-10,19.6200008392334
2022-10-11,20.489999771118164
2022-10-12,20.18000030517578
2022-10-13,20.290000915527344
2022-10-14,18.260000228881836
2022-10-17,18.420000076293945
2022-10-18,17.450000762939453
2022-10-19,17.489999771118164
2022-10-20,17.229999542236328
2022-10-21,17.280000686645508
2022-10-24,17.420000076293945
2022-10-25,16.8799991607666
2022-10-27,16.600000381469727
2022-10-28,15.920000076293945
2022-10-31,15.800000190734863
2022-11-01,16.1299991607666
2022-11-02,16.65999984741211
2022-11-03,15.9399995803833
2022-11-04,15.65999984741211
2022-11-07,15.59000015258789
2022-11-09,15.920000076293945
2022-11-10,15.569999694824219
2022-11-11,14.40999984741211
2022-11-14,14.90999984741211
2022-11-15,14.640000343322754
2022-11-16,15.100000381469727
2022-11-17,14.880000114440918
2022-11-18,14.390000343322754
2022-11-21,14.800000190734863
2022-11-22,13.84000015258789
2022-11-23,14.039999961853027
2022-11-24,13.479999542236328
2022-11-25,13.329999923706055
2022-11-28,13.569999694824219
2022-11-29,13.619999885559082
2022-11-30,13.8100004196167
2022-12-01,13.359999656677246
2022-12-02,13.449999809265137
2022-12-05,13.729999542236328
2022-12-06,14.039999961853027
2022-12-07,14.079999923706055
2022-12-08,13.399999618530273
2022-12-09,13.479999542236328
2022-12-12,13.319999694824219
2022-12-13,12.880000114440918
2022-12-14,12.890000343322754
2022-12-15,13.729999542236328
2022-12-16,14.069999694824219
2022-12-19,13.550000190734863
2022-12-20,13.779999732971191
2022-12-21,15.5600004196167
2022-12-22,15.1899995803833
2022-12-23,16.15999984741211
2022-12-27,15.289999961853027
2022-12-28,15.399999618530273
2022-12-29,14.8100004196167
2022-12-30,14.869999885559082
2023-01-02,14.6899995803833
2023-01-03,14.390000343322754
2023-01-04,15.199999809265137
2023-01-05,14.979999542236328
2023-01-06,15.029999732971191
2023-01-09,14.649999618530273
2023-01-10,15.510000228881836
2023-01-11,15.4399995803833
2023-01-12,15.279999732971191
2023-01-13,14.460000038146973
2023-01-16,15.020000457763672
2023-01-17,14.59000015258789
2023-01-18,14.369999885559082
2023-01-19,13.960000038146973
2023-01-20,13.789999961853027
2023-01-23,13.619999885559082
2023-01-24,13.65999984741211
2023-01-25,14.65999984741211
2023-01-27,17.31999969482422
2023-01-30,17.709999084472656
2023-01-31,16.8799991607666
2023-02-01,16.780000686645508
2023-02-02,15.729999542236328
2023-02-03,14.399999618530273
2023-02-06,14.6899995803833
2023-02-07,14.130000114440918
2023-02-08,13.600000381469727
2023-02-09,13.039999961853027
2023-02-10,12.75
2023-02-13,13.680000305175781
2023-02-14,13.449999809265137
2023-02-15,12.859999656677246
2023-02-16,12.890000343322754
2023-02-17,13.09000015258789
2023-02-20,13.380000114440918
2023-02-21,14.010000228881836
2023-02-22,15.59000015258789
2023-02-23,15.079999923706055
2023-02-24,14.1899995803833
2023-02-27,13.880000114440918
2023-02-28,14.020000457763672
2023-03-01,13.0
2023-03-02,12.970000267028809
2023-03-03,12.180000305175781
2023-03-06,12.270000457763672
2023-03-08,12.449999809265137
2023-03-09,12.729999542236328
2023-03-10,13.40999984741211
2023-03-13,16.219999313354492
2023-03-14,16.219999313354492
2023-03-15,16.299999237060547
2023-03-16,16.219999313354492
2023-03-17,14.770000457763672
2023-03-20,16.010000228881836
2023-03-21,15.079999923706055
2023-03-22,14.8100004196167
2023-03-23,14.489999771118164
2023-03-24,15.239999771118164
2023-03-27,15.449999809265137
2023-03-28,15.100000381469727
2023-03-29,13.630000114440918
2023-03-31,12.9399995803833
2023-04-03,12.59000015258789
2023-04-05,12.40999984741211
2023-04-06,11.800000190734863
2023-04-10,12.270000457763672
2023-04-11,11.979999542236328
2023-04-12,12.270000457763672
2023-04-13,11.90999984741211
2023-04-17,12.270000457763672
2023-04-18,12.079999923706055
2023-04-19,12.149999618530273
2023-04-20,11.9399995803833
2023-04-21,11.630000114440918
2023-04-24,11.670000076293945
2023-04-25,11.520000457763672
2023-04-26,11.649999618530273
2023-04-27,11.430000305175781
2023-04-28,10.949999809265137
2023-05-02,11.899999618530273
2023-05-03,11.84000015258789
2023-05-04,11.729999542236328
2023-05-05,12.300000190734863
2023-05-08,12.640000343322754
2023-05-09,12.680000305175781
2023-05-10,13.079999923706055
2023-05-11,13.220000267028809
2023-05-12,12.850000381469727
2023-05-15,13.170000076293945
2023-05-16,13.289999961853027
2023-05-17,13.109999656677246
2023-05-18,12.800000190734863
2023-05-19,12.300000190734863
2023-05-22,12.569999694824219
2023-05-23,12.609999656677246
2023-05-24,13.109999656677246
2023-05-25,12.520000457763672
2023-05-26,11.899999618530273
2023-05-29,12.300000190734863
2023-05-30,12.010000228881836
2023-05-31,11.970000267028809
2023-06-01,11.600000381469727
2023-06-02,11.130000114440918
2023-06-05,11.140000343322754
2023-06-06,11.380000114440918
2023-06-07,11.4399995803833
2023-06-08,11.260000228881836
2023-06-09,11.119999885559082
2023-06-12,11.25
2023-06-13,11.109999656677246
2023-06-14,11.15999984741211
2023-06-15,11.079999923706055
2023-06-16,10.84000015258789
2023-06-19,11.229999542236328
2023-06-20,11.130000114440918
2023-06-21,11.289999961853027
2023-06-22,11.550000190734863
2023-06-23,11.239999771118164
2023-06-26,11.399999618530273
2023-06-27,10.779999732971191
2023-06-28,10.890000343322754
2023-06-30,10.800000190734863
2023-07-03,11.539999961853027
2023-07-04,11.699999809265137
2023-07-05,11.880000114440918
2023-07-06,11.84000015258789
2023-07-07,11.529999732971191
2023-07-10,11.460000038146973
2023-07-11,11.010000228881836
2023-07-12,10.9399995803833
2023-07-13,10.9399995803833
2023-07-14,10.680000305175781
2023-07-17,11.319999694824219
2023-07-18,11.710000038146973
2023-07-19,11.600000381469727
2023-07-20,11.789999961853027
2023-07-21,11.489999771118164
2023-07-24,11.649999618530273
2023-07-25,10.239999771118164
2023-07-26,10.460000038146973
2023-07-27,10.510000228881836
2023-07-28,10.140000343322754
2023-07-31,10.40999984741211
2023-08-01,10.279999732971191
2023-08-02,11.279999732971191
2023-08-03,11.1899995803833
2023-08-04,10.569999694824219
2023-08-07,11.100000381469727
2023-08-08,11.329999923706055
2023-08-09,11.140000343322754
2023-08-10,11.399999618530273
2023-08-11,11.520000457763672
2023-08-14,12.0
2023-08-16,12.130000114440918
2023-08-17,12.239999771118164
2023-08-18,12.140000343322754
2023-08-21,11.960000038146973
2023-08-22,11.75
2023-08-23,11.729999542236328
2023-08-24,11.699999809265137
2023-08-25,12.079999923706055
2023-08-28,12.399999618530273
2023-08-29,12.229999542236328
2023-08-30,11.800000190734863
2023-08-31,12.0600004196167
2023-09-01,11.369999885559082
2023-09-04,10.960000038146973
2023-09-05,10.819999694824219
2023-09-06,10.680000305175781
2023-09-07,10.869999885559082
2023-09-08,10.779999732971191
2023-09-11,11.350000381469727
2023-09-12,11.6899995803833
2023-09-13,11.829999923706055
2023-09-14,11.319999694824219
2023-09-15,10.899999618530273
2023-09-18,10.84000015258789
2023-09-20,11.130000114440918
2023-09-21,10.819999694824219
2023-09-22,10.65999984741211
2023-09-25,10.899999618530273
2023-09-26,11.1899995803833
2023-09-27,11.59000015258789
2023-09-28,12.819999694824219
2023-09-29,11.449999809265137
2023-10-03,11.789999961853027
2023-10-04,11.65999984741211
2023-10-05,10.9399995803833
2023-10-06,10.300000190734863
2023-10-09,11.399999618530273
2023-10-10,11.270000457763672
2023-10-11,10.989999771118164
2023-10-12,10.619999885559082
2023-10-13,10.619999885559082
2023-10-16,11.069999694824219
2023-10-17,10.699999809265137
2023-10-18,10.970000267028809
2023-10-19,10.899999618530273
2023-10-20,10.819999694824219
2023-10-23,10.90999984741211
2023-10-25,11.3100004196167
2023-10-26,11.729999542236328
2023-10-27,10.90999984741211
2023-10-30,11.489999771118164
2023-10-31,11.829999923706055
2023-11-01,12.050000190734863
2023-11-02,11.079999923706055
2023-11-03,10.880000114440918
2023-11-06,11.109999656677246
2023-11-07,11.1899995803833
2023-11-08,11.039999961853027
2023-11-09,10.979999542236328
2023-11-10,11.109999656677246
2023-11-13,11.1899995803833
2023-11-15,11.140000343322754
2023-11-16,11.649999618530273
2023-11-17,11.829999923706055
2023-11-20,12.149999618530273
2023-11-21,12.229999542236328
2023-11-22,11.869999885559082
2023-11-23,11.319999694824219
2023-11-24,11.329999923706055
2023-11-28,12.180000305175781
2023-11-29,12.710000038146973
2023-11-30,12.6899995803833
2023-12-01,12.380000114440918
2023-12-04,12.989999771118164
2023-12-05,13.460000038146973
2023-12-06,13.739999771118164
2023-12-07,12.670000076293945
2023-12-08,12.470000267028809
2023-12-11,12.760000228881836
2023-12-12,12.710000038146973
2023-12-13,12.069999694824219
2023-12-14,12.319999694824219
2023-12-15,13.130000114440918
2023-12-18,13.899999618530273
2023-12-19,13.869999885559082
2023-12-20,14.449999809265137
2023-12-21,13.760000228881836
2023-12-22,13.710000038146973
2023-12-26,14.680000305175781
2023-12-27,15.5600004196167
2023-12-28,15.140000343322754
2023-12-29,14.5
2024-01-02,14.579999923706055
2024-01-03,14.100000381469727
2024-01-04,13.329999923706055
2024-01-05,12.630000114440918
2024-01-08,13.460000038146973
2024-01-09,13.260000228881836
2024-01-10,12.970000267028809
2024-01-11,12.770000457763672
2024-01-12,13.100000381469727
2024-01-15,13.789999961853027
2024-01-16,13.569999694824219
2024-01-17,15.079999923706055
2024-01-18,14.069999694824219
2024-01-19,13.880000114440918
2024-01-23,14.850000381469727
2024-01-24,14.380000114440918
2024-01-25,13.869999885559082
2024-01-29,15.680000305175781
2024-01-30,16.100000381469727
2024-01-31,16.049999237060547
2024-02-01,14.460000038146973
2024-02-02,14.699999809265137
2024-02-05,15.619999885559082
2024-02-06,15.789999961853027
2024-02-07,15.510000228881836
2024-02-08,15.829999923706055
2024-02-09,15.449999809265137
2024-02-12,16.059999465942383
2024-02-13,15.8100004196167
2024-02-14,15.4399995803833
2024-02-15,15.229999542236328
2024-02-16,15.220000267028809
2024-02-20,16.06999969482422
2024-02-21,15.930000305175781
2024-02-22,15.199999809265137
2024-02-23,14.970000267028809
2024-02-26,15.600000381469727
2024-02-27,15.729999542236328
2024-02-28,16.329999923706055
2024-02-29,15.569999694824219
2024-03-01,15.239999771118164
2024-03-04,14.920000076293945
2024-03-05,14.380000114440918
2024-03-06,14.300000190734863
2024-03-07,13.609999656677246
2024-03-11,14.0
2024-03-12,13.640000343322754
2024-03-13,14.430000305175781
2024-03-14,13.619999885559082
2024-03-15,13.6899995803833
2024-03-18,13.899999618530273
2024-03-19,14.109999656677246
2024-03-20,13.470000267028809
2024-03-21,12.510000228881836
2024-03-22,12.220000267028809
2024-03-26,12.819999694824219
2024-03-27,12.699999809265137
2024-03-28,12.829999923706055
2024-04-01,12.079999923706055
2024-04-02,11.649999618530273
2024-04-03,11.369999885559082
2024-04-04,11.220000267028809
2024-04-05,11.34000015258789
2024-04-08,11.609999656677246
2024-04-09,11.359999656677246
2024-04-10,11.109999656677246
2024-04-12,11.529999732971191
2024-04-15,12.470000267028809
2024-04-16,12.619999885559082
2024-04-18,13.039999961853027
2024-04-19,13.460000038146973
2024-04-22,12.699999809265137
2024-04-23,10.199999809265137
2024-04-24,10.279999732971191
2024-04-25,10.729999542236328
2024-04-26,10.930000305175781
2024-04-29,12.239999771118164
2024-04-30,12.869999885559082
2024-05-02,13.449999809265137
2024-05-03,14.619999885559082
2024-05-06,16.600000381469727
2024-05-07,17.010000228881836
2024-05-08,17.079999923706055
2024-05-09,18.200000762939453
2024-05-10,18.469999313354492
2024-05-13,20.600000381469727
2024-05-14,20.200000762939453
2024-05-15,20.270000457763672
2024-05-16,20.0
2024-05-17,19.799999237060547
2024-05-21,21.809999465942383
2024-05-22,21.469999313354492
2024-05-23,21.3799991607666
2024-05-24,21.709999084472656
2024-05-27,23.190000534057617
2024-05-28,24.200000762939453
2024-05-29,24.18000030517578
2024-05-30,24.18000030517578
2024-05-31,24.600000381469727
2024-06-03,20.940000534057617
2024-06-04,26.75
2024-06-05,18.889999389648438
2024-06-06,16.799999237060547
2024-06-07,16.8799991607666
2024-06-10,16.399999618530273
2024-06-11,14.770000457763672
2024-06-12,14.390000343322754
2024-06-13,13.489999771118164
2024-06-14,12.819999694824219
2024-06-18,12.970000267028809
2024-06-19,13.710000038146973
2024-06-20,13.350000381469727
2024-06-21,13.180000305175781
2024-06-24,14.0600004196167
2024-06-25,14.3100004196167
2024-06-26,14.050000190734863
2024-06-27,14.149999618530273
2024-06-28,13.800000190734863
2024-07-01,13.829999923706055
2024-07-02,13.640000343322754
2024-07-03,13.210000038146973
2024-07-04,12.859999656677246
2024-07-05,12.699999809265137
2024-07-08,13.600000381469727
2024-07-09,14.279999732971191
2024-07-10,14.430000305175781
2024-07-11,14.0
2024-07-12,13.729999542236328
2024-07-15,14.1899995803833
2024-07-16,14.220000267028809
2024-07-18,14.510000228881836
2024-07-19,14.829999923706055
2024-07-22,15.4399995803833
2024-07-23,12.75
2024-07-24,11.760000228881836
2024-07-25,12.619999885559082
2024-07-26,12.25
2024-07-29,12.949999809265137
2024-07-30,12.880000114440918
2024-07-31,13.25
2024-08-01,12.930000305175781
2024-08-02,14.319999694824219
2024-08-05,20.3700008392334
2024-08-06,18.739999771118164
2024-08-07,16.170000076293945
2024-08-08,16.600000381469727
2024-08-09,15.34000015258789
2024-08-12,15.869999885559082
2024-08-13,16.170000076293945
2024-08-14,15.4399995803833
2024-08-16,14.399999618530273
2024-08-19,14.319999694824219
2024-08-20,13.819999694824219
2024-08-21,13.329999923706055
2024-08-22,13.0
2024-08-23,13.550000190734863
2024-08-26,13.800000190734863
2024-08-27,13.630000114440918
2024-08-28,13.949999809265137
2024-08-29,13.789999961853027
2024-08-30,13.390000343322754
2024-09-02,14.0600004196167
2024-09-03,13.84000015258789
2024-09-04,14.380000114440918
2024-09-05,14.210000038146973
2024-09-06,15.220000267028809
2024-09-09,14.239999771118164
2024-09-10,13.359999656677246
2024-09-11,13.630000114440918
2024-09-12,13.180000305175781
2024-09-13,12.550000190734863
2024-09-16,12.460000038146973
2024-09-17,12.59000015258789
2024-09-18,13.369999885559082
2024-09-19,12.470000267028809
2024-09-20,12.789999961853027
2024-09-23,13.789999961853027
2024-09-24,13.390000343322754
2024-09-25,12.739999771118164
2024-09-26,12.0
2024-09-27,11.960000038146973
2024-09-30,12.789999961853027
2024-10-01,11.989999771118164
2024-10-03,13.170000076293945
2024-10-04,14.130000114440918
2024-10-07,15.079999923706055
2024-10-08,14.59000015258789
2024-10-09,14.119999885559082
2024-10-10,13.5
2024-10-11,13.220000267028809
2024-10-14,13.0
2024-10-15,13.0
2024-10-16,13.050000190734863
2024-10-17,13.390000343322754
2024-10-18,13.039999961853027
2024-10-21,13.760000228881836
2024-10-22,14.399999618530273
2024-10-23,14.619999885559082
2024-10-24,13.970000267028809
2024-10-25,14.630000114440918
2024-10-28,14.289999961853027
2024-10-29,14.520000457763672
2024-10-30,15.510000228881836
2024-10-31,15.550000190734863
2024-11-01,15.899999618530273
2024-11-04,16.690000534057617
2024-11-05,16.1200008392334
2024-11-06,14.869999885559082
2024-11-07,14.9399995803833
2024-11-08,14.470000267028809
2024-11-11,14.270000457763672
2024-11-12,14.59000015258789
2024-11-13,15.4399995803833
2024-11-14,14.779999732971191
2024-11-18,15.170000076293945
2024-11-19,15.65999984741211
2024-11-21,15.989999771118164
2024-11-22,16.100000381469727
2024-11-25,15.300000190734863
2024-11-26,15.3100004196167
2024-11-27,14.630000114440918
2024-11-28,15.210000038146973
2024-11-29,14.430000305175781
2024-12-02,14.699999809265137
2024-12-03,14.369999885559082
2024-12-04,14.449999809265137
2024-12-05,14.529999732971191
2024-12-06,14.140000343322754
2024-12-09,14.109999656677246
2024-12-10,13.779999732971191
2024-12-11,13.270000457763672
2024-12-12,13.1899995803833
2024-12-13,13.050000190734863
2024-12-16,14.020000457763672
2024-12-17,14.489999771118164
2024-12-18,14.369999885559082
2024-12-19,14.510000228881836
2024-12-20,15.069999694824219
2024-12-23,13.520000457763672
2024-12-24,13.180000305175781
2024-12-26,14.039999961853027
2024-12-27,13.239999771118164
2024-12-30,13.970000267028809
2024-12-31,14.449999809265137
2025-01-02,13.739999771118164
2025-01-03,13.539999961853027
2025-01-06,15.649999618530273
2025-01-07,14.65999984741211
2025-01-08,14.470000267028809
2025-01-09,14.65999984741211
2025-01-10,14.920000076293945
2025-01-13,16.0
2025-01-14,15.470000267028809
2025-01-15,15.260000228881836
2025-01-16,15.470000267028809
2025-01-17,15.75
2025-01-20,16.420000076293945
2025-01-21,17.059999465942383
2025-01-22,16.770000457763672
2025-01-23,16.700000762939453
2025-01-24,16.75
2025-01-27,18.1299991607666
2025-01-28,18.200000762939453
2025-01-29,18.639999389648438
2025-01-30,17.389999389648438
2025-01-31,16.25
2025-02-03,14.350000381469727
2025-02-04,14.020000457763672
2025-02-05,14.079999923706055
2025-02-06,14.180000305175781
2025-02-07,13.6899995803833
2025-02-10,14.449999809265137
2025-02-11,14.869999885559082
2025-02-12,14.899999618530273
2025-02-13,14.960000038146973
2025-02-14,15.020000457763672
2025-02-17,15.720000267028809
2025-02-18,15.670000076293945
2025-02-19,15.420000076293945
2025-02-20,14.680000305175781
2025-02-21,14.529999732971191
2025-02-24,14.4399995803833
2025-02-25,13.720000267028809
2025-02-27,13.3100004196167
2025-02-28,13.90999984741211
2025-03-03,13.760000228881836
2025-03-04,13.829999923706055
2025-03-05,13.670000076293945
2025-03-06,13.729999542236328
2025-03-07,13.470000267028809
2025-03-10,13.989999771118164
2025-03-11,14.069999694824219
2025-03-12,13.6899995803833
2025-03-13,13.279999732971191
2025-03-17,13.420000076293945
2025-03-18,13.210000038146973
2025-03-19,13.300000190734863
2025-03-20,12.600000381469727
2025-03-21,12.579999923706055
2025-03-24,13.699999809265137
2025-03-25,13.640000343322754
2025-03-26,13.470000267028809
2025-03-27,13.300000190734863
2025-03-28,12.720000267028809
2025-04-01,13.779999732971191
2025-04-02,13.720000267028809
2025-04-03,13.600000381469727
2025-04-04,13.760000228881836
2025-04-07,22.790000915527344
2025-04-08,20.440000534057617
2025-04-09,21.43000030517578
2025-04-11,20.110000610351562
2025-04-15,16.1299991607666
2025-04-16,15.869999885559082
2025-04-17,15.470000267028809
2025-04-21,15.520000457763672
2025-04-22,15.229999542236328
2025-04-23,15.960000038146973
2025-04-24,16.25
2025-04-25,17.15999984741211
2025-04-28,16.940000534057617
2025-04-29,17.3700008392334
2025-04-30,18.219999313354492
2025-05-02,18.260000228881836
2025-05-05,18.34000015258789
2025-05-06,19.0
2025-05-07,19.059999465942383
2025-05-08,21.010000228881836
2025-05-09,21.6299991607666
2025-05-12,18.389999389648438
2025-05-13,18.200000762939453
2025-05-14,17.229999542236328
2025-05-15,16.889999389648438
2025-05-16,16.549999237060547
2025-05-19,17.360000610351562
2025-05-20,17.389999389648438
2025-05-21,17.549999237060547
2025-05-22,17.260000228881836
2025-05-23,17.280000686645508
2025-05-26,18.020000457763672
2025-05-27,18.540000915527344
2025-05-28,18.020000457763672
2025-05-29,16.420000076293945
2025-05-30,16.079999923706055
2025-06-02,17.15999984741211
2025-06-03,16.559999465942383
2025-06-04,15.75
2025-06-05,15.079999923706055
2025-06-06,14.630000114440918
2025-06-09,14.6899995803833
2025-06-10,14.020000457763672
2025-06-11,13.670000076293945
2025-06-12,14.020000457763672
2025-06-13,15.079999923706055
2025-06-16,14.84000015258789
2025-06-17,14.399999618530273
2025-06-18,14.279999732971191
2025-06-19,14.260000228881836
2025-06-20,13.670000076293945
2025-06-23,14.050000190734863
2025-06-24,13.640000343322754
2025-06-25,12.960000038146973
2025-06-26,12.59000015258789
2025-06-27,12.390000343322754
2025-06-30,12.789999961853027
2025-07-01,12.529999732971191
2025-07-02,12.449999809265137
2025-07-03,12.390000343322754
2025-07-04,12.319999694824219
2025-07-07,12.5600004196167
2025-07-08,12.199999809265137
2025-07-09,11.9399995803833
2025-07-10,11.670000076293945
2025-07-11,11.819999694824219
2025-07-14,11.979999542236328
2025-07-15,11.479999542236328
2025-07-16,11.239999771118164
2025-07-17,11.239999771118164
2025-07-18,11.390000343322754
2025-07-21,11.199999809265137
2025-07-22,10.75
2025-07-23,10.520000457763672
2025-07-24,10.720000267028809
2025-07-25,11.279999732971191
2025-07-28,12.0600004196167
2025-07-29,11.529999732971191
2025-07-30,11.210000038146973
2025-07-31,11.539999961853027
2025-08-01,11.979999542236328
2025-08-04,11.970000267028809
2025-08-05,11.710000038146973
2025-08-06,11.960000038146973
2025-08-07,11.6899995803833
2025-08-08,12.029999732971191
2025-08-11,12.220000267028809
2025-08-12,12.229999542236328
2025-08-13,12.140000343322754
2025-08-14,12.359999656677246
2025-08-18,12.34000015258789
2025-08-19,11.789999961853027
2025-08-20,11.789999961853027
2025-08-21,11.369999885559082
2025-08-22,11.729999542236328
2025-08-25,11.760000228881836
2025-08-26,12.1899995803833
2025-08-28,12.180000305175781
2025-08-29,11.75
2025-09-01,11.289999961853027
2025-09-02,11.399999618530273
2025-09-03,10.930000305175781
2025-09-04,10.850000381469727
2025-09-05,10.779999732971191
2025-09-08,10.84000015258789
2025-09-09,10.6899995803833
2025-09-10,10.539999961853027
2025-09-11,10.359999656677246
2025-09-12,10.119999885559082
2025-09-15,10.399999618530273
2025-09-16,10.270000457763672
2025-09-17,10.25
2025-09-18,9.890000343322754
2025-09-19,9.970000267028809
2025-09-22,10.5600004196167
2025-09-23,10.630000114440918
2025-09-24,10.520000457763672
2025-09-25,10.779999732971191
2025-09-26,11.430000305175781
2025-09-29,11.369999885559082
2025-09-30,11.069999694824219
2025-10-01,10.289999961853027
2025-10-03,10.0600004196167
2025-10-06,10.1899995803833
2025-10-07,10.050000190734863
2025-10-08,10.3100004196167
2025-10-09,10.119999885559082
2025-10-10,10.100000381469727
2025-10-13,11.010000228881836
2025-10-14,11.15999984741211
2025-10-15,10.529999732971191
2025-10-16,10.869999885559082
2025-10-17,11.630000114440918
2025-10-20,11.359999656677246
2025-10-21,11.300000190734863
2025-10-23,11.729999542236328
2025-10-24,11.59000015258789
2025-10-27,11.859999656677246
2025-10-28,11.949999809265137
2025-10-29,11.970000267028809
2025-10-30,12.069999694824219
2025-10-31,12.149999618530273
2025-11-03,12.670000076293945
2025-11-04,12.649999618530273
2025-11-06,12.40999984741211
2025-11-07,12.5600004196167
2025-11-10,12.300000190734863
2025-11-11,12.489999771118164
2025-11-12,12.109999656677246
2025-11-13,12.15999984741211
2025-11-14,11.9399995803833
2025-11-17,11.789999961853027
2025-11-18,12.100000381469727
2025-11-19,11.970000267028809
2025-11-20,12.140000343322754
2025-11-21,13.630000114440918
2025-11-24,13.239999771118164
2025-11-25,12.239999771118164
2025-11-26,11.970000267028809
2025-11-27,11.789999961853027
2025-11-28,11.619999885559082
2025-12-01,11.630000114440918
2025-12-02,11.229999542236328
2025-12-03,11.210000038146973
2025-12-04,10.819999694824219
2025-12-05,10.319999694824219
2025-12-08,11.130000114440918
2025-12-09,10.949999809265137
2025-12-10,10.90999984741211
2025-12-11,10.399999618530273
2025-12-12,10.109999656677246
2025-12-15,10.25
2025-12-16,10.0600004196167
2025-12-17,9.84000015258789
2025-12-18,9.710000038146973
2025-12-19,9.520000457763672
2025-12-22,9.680000305175781
2025-12-23,9.380000114440918
2025-12-24,9.1899995803833
2025-12-26,9.149999618530273
2025-12-29,9.720000267028809
2025-12-30,9.680000305175781
2025-12-31,9.479999542236328
2026-01-02,9.449999809265137
2026-01-05,10.020000457763672
2026-01-06,10.020000457763672
2026-01-07,9.949999809265137
2026-01-08,10.600000381469727
2026-01-09,10.930000305175781
2026-01-12,11.369999885559082
2026-01-13,11.199999809265137
2026-01-14,11.319999694824219
2026-01-16,11.369999885559082
2026-01-19,11.829999923706055
2026-01-20,12.729999542236328
2026-01-21,13.779999732971191
2026-01-22,13.350000381469727
2026-01-23,14.1899995803833
2026-01-27,14.449999809265137
2026-01-28,13.529999732971191
2026-01-29,13.369999885559082
2026-01-30,13.630000114440918
2026-02-02,13.869999885559082
2026-02-03,12.899999618530273
2026-02-04,12.25
2026-02-05,12.170000076293945
2026-02-06,11.9399995803833
